<!-- 编辑使用 XMLSpy v2006 U (http://www.altova.com) 由 any (any) -->
<!-- 编辑使用 XMLSpy v2006 U (http://www.altova.com) 由 any (any) -->
<Config Name="\" Description="根配置" Type="System.String">
    <Config Name="1" Type="GISDataTranslate.Addon">
        <Config Name="Name" Type="String">
            <Value>GeoStar：FCS输出</Value>
        </Config>
        <Config Name="Path" Type="String">
            <Value>.\GeoStar\GeoStarAddon.dll</Value>
        </Config>
        <Config Name="Function" Type="String">
            <Value>ExportGeoStarFCS</Value>
        </Config>
        <Config Name="Type" Type="String">
            <Value>eVectorWriter</Value>
        </Config>
        <Config Name="StorageType" Type="String">
            <Value>eFolderType</Value>
        </Config>
    </Config>
    <Config Name="2" Type="GISDataTranslate.Addon">
        <Config Name="Name" Type="String">
            <Value>GeoStar：FCS读取</Value>
        </Config>
        <Config Name="Path" Type="String">
            <Value>.\GeoStar\GeoStarAddon.dll</Value>
        </Config>
        <Config Name="Function" Type="String">
            <Value>ImportGeoStarFCS</Value>
        </Config>
        <Config Name="Type" Type="String">
            <Value>eVectorReader</Value>
        </Config>
        <Config Name="StorageType" Type="String">
            <Value>eFolderType</Value>
        </Config>
    </Config>
    <Config Name="3" Type="GISDataTranslate.Addon">
        <Config Name="Name" Type="String">
            <Value>GeoStar：DOM输出</Value>
        </Config>
        <Config Name="Path" Type="String">
            <Value>.\GeoStar\GeoStarAddon.dll</Value>
        </Config>
        <Config Name="Function" Type="String">
            <Value>ExportGeoStarDOM</Value>
        </Config>
        <Config Name="Type" Type="String">
            <Value>eRasterWriter</Value>
        </Config>
        <Config Name="StorageType" Type="String">
            <Value>eFolderType</Value>
        </Config>
    </Config>
    <Config Name="4" Type="GISDataTranslate.Addon">
        <Config Name="Name" Type="String">
            <Value>GeoStar：DOM读取</Value>
        </Config>
        <Config Name="Path" Type="String">
            <Value>.\GeoStar\GeoStarAddon.dll</Value>
        </Config>
        <Config Name="Function" Type="String">
            <Value>ImportGeoStarDOM</Value>
        </Config>
        <Config Name="Type" Type="String">
            <Value>eRasterReader</Value>
        </Config>
        <Config Name="StorageType" Type="String">
            <Value>eFolderType</Value>
        </Config>
    </Config>
    <Config Name="14" Type="GISDataTranslate.Addon">
      <Config Name="Name" Type="String">
        <Value>Geoway：MDB批量转GPKG</Value>
      </Config>
      <Config Name="Path" Type="String">
        <Value>.\x86\Geoway\GeowayGDALDataAddon.dll</Value>
      </Config>
      <Config Name="Function" Type="String">
        <Value>ImportMDBS</Value>
      </Config>
      <Config Name="Type" Type="String">
        <Value>eVectorReader</Value>
      </Config>
      <Config Name="StorageType" Type="String">
        <Value>eFolderType</Value>
      </Config>
    </Config>
    <Config Name="5" Type="GISDataTranslate.Addon">
      <Config Name="Name" Type="String">
        <Value>Geoway：MDB转GPKG</Value>
      </Config>
      <Config Name="Path" Type="String">
        <Value>.\x86\GeoWay\GeowayGDALDataAddon.dll</Value>
      </Config>
      <Config Name="Function" Type="String">
        <Value>ImportMdb</Value>
      </Config>
      <Config Name="Type" Type="String">
        <Value>eVectorReader</Value>
      </Config>
      <Config Name="StorageType" Type="String">
        <Value>eFileType</Value>
      </Config>
    </Config>
    <Config Name="6" Type="GISDataTranslate.Addon">
      <Config Name="Name" Type="String">
        <Value>Geoway：FGDB转GPKG</Value>
      </Config>
      <Config Name="Path" Type="String">
        <Value>.\x86\GeoWay\GeowayGDALDataAddon.dll</Value>
      </Config>
      <Config Name="Function" Type="String">
        <Value>ImportFgdb</Value>
      </Config>
      <Config Name="Type" Type="String">
        <Value>eVectorReader</Value>
      </Config>
      <Config Name="StorageType" Type="String">
        <Value>eFolderType</Value>
      </Config>
    </Config>
    <Config Name="7" Type="GISDataTranslate.Addon">
      <Config Name="Name" Type="String">
        <Value>Geoway：Shp转GPKG</Value>
      </Config>
      <Config Name="Path" Type="String">
        <Value>.\x86\GeoWay\GeowayGDALDataAddon.dll</Value>
      </Config>
      <Config Name="Function" Type="String">
        <Value>ImportShp</Value>
      </Config>
      <Config Name="Type" Type="String">
        <Value>eVectorReader</Value>
      </Config>
      <Config Name="StorageType" Type="String">
        <Value>eFolderType</Value>
      </Config>
    </Config>
    <Config Name="8" Type="GISDataTranslate.Addon">
      <Config Name="Name" Type="String">
        <Value>Geoway：GWDB转GPKG</Value>
      </Config>
      <Config Name="Path" Type="String">
        <Value>.\x86\GeoWay\GeowayGDALDataAddon.dll</Value>
      </Config>
      <Config Name="Function" Type="String">
        <Value>ImportGeowayDB</Value>
      </Config>
      <Config Name="Type" Type="String">
        <Value>eVectorReader</Value>
      </Config>
      <Config Name="StorageType" Type="String">
        <Value>eFileType</Value>
      </Config>
    </Config>
    <Config Name="13" Type="GISDataTranslate.Addon">
      <Config Name="Name" Type="String">
        <Value>Geoway：GPKG转SHP</Value>
      </Config>
      <Config Name="Path" Type="String">
        <Value>.\x86\GeoWay\GeowayGDALDataAddon.dll</Value>
      </Config>
      <Config Name="Function" Type="String">
        <Value>ExportShp</Value>
      </Config>
      <Config Name="Type" Type="String">
        <Value>eVectorWriter</Value>
      </Config>
      <Config Name="StorageType" Type="String">
        <Value>eFileType</Value>
      </Config>
    </Config>
    <Config Name="9" Type="GISDataTranslate.Addon">
      <Config Name="Name" Type="String">
        <Value>Geoway：GPKG转FGDB</Value>
      </Config>
      <Config Name="Path" Type="String">
        <Value>.\x86\GeoWay\GeowayGDALDataAddon.dll</Value>
      </Config>
      <Config Name="Function" Type="String">
        <Value>ExportFgdb</Value>
      </Config>
      <Config Name="Type" Type="String">
        <Value>eVectorWriter</Value>
      </Config>
      <Config Name="StorageType" Type="String">
        <Value>eFileType</Value>
      </Config>
    </Config>
    <Config Name="10" Type="GISDataTranslate.Addon">
      <Config Name="Name" Type="String">
        <Value>Geoway：GPKG转GWDB</Value>
      </Config>
      <Config Name="Path" Type="String">
        <Value>.\x86\GeoWay\GeowayGDALDataAddon.dll</Value>
      </Config>
      <Config Name="Function" Type="String">
        <Value>ExportGeowayDB</Value>
      </Config>
      <Config Name="Type" Type="String">
        <Value>eVectorWriter</Value>
      </Config>
      <Config Name="StorageType" Type="String">
        <Value>eFileType</Value>
      </Config>
    </Config>
    <Config Name="19" Type="GISDataTranslate.Addon">
      <Config Name="Name" Type="String">
        <Value>Geoway：普通TIFF批量转标准TIFF</Value>
      </Config>
      <Config Name="Path" Type="String">
        <Value>.\x86\Geoway\GeowayGDALDataAddon.dll</Value>
      </Config>
      <Config Name="Function" Type="String">
        <Value>ImportGTIFFS</Value>
      </Config>
      <Config Name="Type" Type="String">
        <Value>eRasterReader</Value>
      </Config>
      <Config Name="StorageType" Type="String">
        <Value>eFolderType</Value>
      </Config>
    </Config>
    <Config Name="17" Type="GISDataTranslate.Addon">
      <Config Name="Name" Type="String">
        <Value>Geoway：普通TIFF转标准TIFF</Value>
      </Config>
      <Config Name="Path" Type="String">
        <Value>.\x86\Geoway\GeowayGDALDataAddon.dll</Value>
      </Config>
      <Config Name="Function" Type="String">
        <Value>ImportRaster</Value>
      </Config>
      <Config Name="Type" Type="String">
        <Value>eRasterReader</Value>
      </Config>
      <Config Name="StorageType" Type="String">
        <Value>eFileType</Value>
      </Config>
    </Config>
    <Config Name="16" Type="GISDataTranslate.Addon">
      <Config Name="Name" Type="String">
        <Value>Geoway：GRID批量转标准TIFF</Value>
      </Config>
      <Config Name="Path" Type="String">
        <Value>.\x86\Geoway\GeowayGDALDataAddon.dll</Value>
      </Config>
      <Config Name="Function" Type="String">
        <Value>ImportGRIDS</Value>
      </Config>
      <Config Name="Type" Type="String">
        <Value>eRasterReader</Value>
      </Config>
      <Config Name="StorageType" Type="String">
        <Value>eFolderType</Value>
      </Config>
    </Config>
    <Config Name="18" Type="GISDataTranslate.Addon">
      <Config Name="Name" Type="String">
        <Value>Geoway：GRID转标准TIFF</Value>
      </Config>
      <Config Name="Path" Type="String">
        <Value>.\x86\Geoway\GeowayGDALDataAddon.dll</Value>
      </Config>
      <Config Name="Function" Type="String">
        <Value>ImportRaster</Value>
      </Config>
      <Config Name="Type" Type="String">
        <Value>eRasterReader</Value>
      </Config>
      <Config Name="StorageType" Type="String">
        <Value>eFolderType</Value>
      </Config>
    </Config>
    <Config Name="15" Type="GISDataTranslate.Addon">
      <Config Name="Name" Type="String">
        <Value>Geoway：普通IMG批量转标准TIFF</Value>
      </Config>
      <Config Name="Path" Type="String">
        <Value>.\x86\Geoway\GeowayGDALDataAddon.dll</Value>
      </Config>
      <Config Name="Function" Type="String">
        <Value>ImportIMGS</Value>
      </Config>
      <Config Name="Type" Type="String">
        <Value>eRasterReader</Value>
      </Config>
      <Config Name="StorageType" Type="String">
        <Value>eFolderType</Value>
      </Config>
    </Config>
    <Config Name="11" Type="GISDataTranslate.Addon">
      <Config Name="Name" Type="String">
        <Value>Geoway：普通IMG转标准TIFF</Value>
      </Config>
      <Config Name="Path" Type="String">
        <Value>.\x86\GeoWay\GeowayGDALDataAddon.dll</Value>
      </Config>
      <Config Name="Function" Type="String">
        <Value>ImportRaster</Value>
      </Config>
      <Config Name="Type" Type="String">
        <Value>eRasterReader</Value>
      </Config>
      <Config Name="StorageType" Type="String">
        <Value>eFileType</Value>
      </Config>
    </Config>
    <Config Name="12" Type="GISDataTranslate.Addon">
      <Config Name="Name" Type="String">
        <Value>Geoway：标准TIFF转普通IMG</Value>
      </Config>
      <Config Name="Path" Type="String">
        <Value>.\x86\GeoWay\GeowayGDALDataAddon.dll</Value>
      </Config>
      <Config Name="Function" Type="String">
        <Value>ExportRaster</Value>
      </Config>
      <Config Name="Type" Type="String">
        <Value>eRasterWriter</Value>
      </Config>
      <Config Name="StorageType" Type="String">
        <Value>eFileType</Value>
      </Config>
    </Config>
</Config>
