<!-- 编辑使用 XMLSpy v2006 U (http://www.altova.com) 由 any (any) -->
<Config Name="\" Description="根配置" Type="System.String">
    <Config Name="1" Type="GISDataTranslate.Addon">
        <Config Name="Name" Type="String">
            <Value>GeoStar：FCS输出</Value>
        </Config>
        <Config Name="Path" Type="String">
            <Value>.\GeoStar\GeoStarAddon.dll</Value>
        </Config>
        <Config Name="Function" Type="String">
            <Value>ExportGeoStarFCS</Value>
        </Config>
        <Config Name="Type" Type="String">
            <Value>eVectorWriter</Value>
        </Config>
        <Config Name="StorageType" Type="String">
            <Value>eFolderType</Value>
        </Config>
    </Config>
    <Config Name="2" Type="GISDataTranslate.Addon">
        <Config Name="Name" Type="String">
            <Value>GeoStar：FCS读取</Value>
        </Config>
        <Config Name="Path" Type="String">
            <Value>.\GeoStar\GeoStarAddon.dll</Value>
        </Config>
        <Config Name="Function" Type="String">
            <Value>ImportGeoStarFCS</Value>
        </Config>
        <Config Name="Type" Type="String">
            <Value>eVectorReader</Value>
        </Config>
        <Config Name="StorageType" Type="String">
            <Value>eFolderType</Value>
        </Config>
    </Config>
    <Config Name="3" Type="GISDataTranslate.Addon">
        <Config Name="Name" Type="String">
            <Value>Geoway:MDB读取</Value>
        </Config>
        <Config Name="Path" Type="String">
            <Value>.\x86\GeowayGDALDataAddon.dll</Value>
        </Config>
        <Config Name="Function" Type="String">
            <Value>ImportMdb</Value>
        </Config>
        <Config Name="Type" Type="String">
            <Value>eVectorReader</Value>
        </Config>
        <Config Name="StorageType" Type="String">
            <Value>eFileType</Value>
        </Config>
    </Config>
    <Config Name="4" Type="GISDataTranslate.Addon">
        <Config Name="Name" Type="String">
            <Value>Geoway：FGDB读取</Value>
        </Config>
        <Config Name="Path" Type="String">
            <Value>.\x86\GeowayGDALDataAddon.dll</Value>
        </Config>
        <Config Name="Function" Type="String">
            <Value>ImportFgdb</Value>
        </Config>
        <Config Name="Type" Type="String">
            <Value>eVectorReader</Value>
        </Config>
        <Config Name="StorageType" Type="String">
            <Value>eFolderType</Value>
        </Config>
    </Config>
    <Config Name="5" Type="GISDataTranslate.Addon">
        <Config Name="Name" Type="String">
            <Value>Geoway：Shp读取</Value>
        </Config>
        <Config Name="Path" Type="String">
            <Value>.\x86\GeowayGDALDataAddon.dll</Value>
        </Config>
        <Config Name="Function" Type="String">
            <Value>ImportShp</Value>
        </Config>
        <Config Name="Type" Type="String">
            <Value>eVectorReader</Value>
        </Config>
        <Config Name="StorageType" Type="String">
            <Value>eFolderType</Value>
        </Config>
    </Config>
    <Config Name="6" Type="GISDataTranslate.Addon">
        <Config Name="Name" Type="String">
            <Value>Geoway：db读取</Value>
        </Config>
        <Config Name="Path" Type="String">
            <Value>.\x86\GeowayGDALDataAddon.dll</Value>
        </Config>
        <Config Name="Function" Type="String">
            <Value>ImportGeowayDB</Value>
        </Config>
        <Config Name="Type" Type="String">
            <Value>eVectorReader</Value>
        </Config>
        <Config Name="StorageType" Type="String">
            <Value>eFileType</Value>
        </Config>
    </Config>
    <Config Name="7" Type="GISDataTranslate.Addon">
        <Config Name="Name" Type="String">
            <Value>Geoway：FGDB输出</Value>
        </Config>
        <Config Name="Path" Type="String">
            <Value>.\x86\GeowayGDALDataAddon.dll</Value>
        </Config>
        <Config Name="Function" Type="String">
            <Value>ExportFgdb</Value>
        </Config>
        <Config Name="Type" Type="String">
            <Value>eVectorWriter</Value>
        </Config>
        <Config Name="StorageType" Type="String">
            <Value>eFileType</Value>
        </Config>
    </Config>
    <Config Name="8" Type="GISDataTranslate.Addon">
        <Config Name="Name" Type="String">
            <Value>Geoway:DB输出</Value>
        </Config>
        <Config Name="Path" Type="String">
            <Value>.\x86\GeowayGDALDataAddon.dll</Value>
        </Config>
        <Config Name="Function" Type="String">
            <Value>ExportGeowayDB</Value>
        </Config>
        <Config Name="Type" Type="String">
            <Value>eVectorReader</Value>
        </Config>
        <Config Name="StorageType" Type="String">
            <Value>eFileType</Value>
        </Config>
    </Config>
    <Config Name="9" Type="GISDataTranslate.Addon">
        <Config Name="Name" Type="String">
            <Value>Geoway:Raster读取</Value>
        </Config>
        <Config Name="Path" Type="String">
            <Value>.\x86\GeowayGDALDataAddon.dll</Value>
        </Config>
        <Config Name="Function" Type="String">
            <Value>ImportRaster</Value>
        </Config>
        <Config Name="Type" Type="String">
            <Value>eRasterReader</Value>
        </Config>
        <Config Name="StorageType" Type="String">
            <Value>eFileType</Value>
        </Config>
    </Config>
    <Config Name="10" Type="GISDataTranslate.Addon">
        <Config Name="Name" Type="String">
            <Value>Geoway:Raster输出</Value>
        </Config>
        <Config Name="Path" Type="String">
            <Value>.\x86\GeowayGDALDataAddon.dll</Value>
        </Config>
        <Config Name="Function" Type="String">
            <Value>ExportRaster</Value>
        </Config>
        <Config Name="Type" Type="String">
            <Value>eRasterWriter</Value>
        </Config>
        <Config Name="StorageType" Type="String">
            <Value>eFileType</Value>
        </Config>
    </Config>
    <Config Name="11" Type="GISDataTranslate.Addon">
        <Config Name="Name" Type="String">
            <Value>Geoway:SHP输出</Value>
        </Config>
        <Config Name="Path" Type="String">
            <Value>.\x86\GeowayGDALDataAddon.dll</Value>
        </Config>
        <Config Name="Function" Type="String">
            <Value>ExportShp</Value>
        </Config>
        <Config Name="Type" Type="String">
            <Value>eVectorWriter</Value>
        </Config>
        <Config Name="StorageType" Type="String">
            <Value>eFileType</Value>
        </Config>
    </Config>
</Config>
